,Time,User,Tweet
0,2023-06-22 03:20:57+00:00,arpita37898816,"today's lowest news sentiment stocks
 under S&amp;P500 Explore stock sentiments 

ğŸ‘‰https://t.co/Jq2DZjpBXs

$APT $JAKK $DYNT $SPV $LMND  $W $JAGX $T $INO  $BYFC $TSLA $SPY $BOXL $AAPL $AYRO $BNGO $DKNG $APPL https://t.co/Wjf7fcwVT1"
1,2023-06-22 01:57:18+00:00,sogitrades,"RT @Stockspy1: uranium stocks are catching a bid. I kinda like this speculative small cap

$SMR NuScale Power

these guys make small, modulâ€¦"
2,2023-06-22 00:54:42+00:00,macrodailyco,"Good work @RobinhoodApp @WebullGlobal traders, ""Retail Army Bets Record $1.5 Billion on Single Stocks in a Week..."" per @jpmorgan ğŸ¤­

""Most of the inflow into single stocks went into just three names â€” @Tesla $TSLA @Apple $APPL @nvidia $NVDA â€” in a bet that a record-shatteringâ€¦ https://t.co/lS1ix2XSi5 https://t.co/r2RzkfC6Fs"
3,2023-06-22 00:43:05+00:00,arpita37898816,"today's lowest news sentiment stocks
 under S&amp;P500 Explore stock sentiments 

https://t.co/Jq2DZjpBXs

$APT $JAKK $DYNT $SPV $LMND  $W $JAGX $T $INO  $BYFC $TSLA $SPY $BOXL $AAPL $AYRO $BNGO $DKNG $APPL https://t.co/Vt2N3uq8Bq"
4,2023-06-22 00:22:21+00:00,stocks_hunter_,"ğŸ¦ŒØ³Ù‡Ù… Ù…Ø¶Ø§Ø±Ø¨ÙŠ Ø³ÙˆÙŠÙ†Ù‚ ğŸ¦Œ 
$GWH
Ø³Ø¹Ø± Ø§Ù„Ø³Ù‡Ù… :1.27
Ù…Ù†Ø·Ù‚Ù‡ Ø§Ù„Ø¯Ø®ÙˆÙ„ :1.25-1.20
ÙˆÙ‚Ù Ø§Ù„Ø®Ø³Ø§Ø±Ù‡ : 1.18
Ø§Ù„Ø§Ù‡Ø¯Ø§Ù : 
1.30
1.40
1.50
1.60
1.72
1.92
2.00

#Ø§Ù„Ø³ÙˆÙ‚_Ø§Ù„Ø§Ù…Ø±ÙŠÙƒÙŠ 
#Ø§Ù„Ø³ÙˆÙ‚_Ø§Ù„Ø§Ù…Ø±ÙŠÙƒÙŠ 
 #Ø§Ù„Ø£Ø³Ù‡Ù…_Ø§Ù„Ø£Ù…Ø±ÙŠÙƒÙŠØ© 
#SPX500 
#SPX 
#QQQ
#SQQQ
#Ø§Ù„Ø§ÙˆØ¨Ø´Ù†
#appl
#tsla
#nvda
#us100
#us500
#stocks_market https://t.co/YkhOjAjU5l"
5,2023-06-21 23:23:29+00:00,toyokotoshi,HEAT MAP-US major Index / Stocks (2023.06.21)      https://t.co/wkb8iQUw1j #ç±³å›½æ ª #ãƒ’ãƒ¼ãƒˆãƒãƒƒãƒ— #æ ªå¼æŠ•è³‡ #ç±³å›½æ ªæŠ•è³‡ #ç±³å›½æ ªãƒ’ãƒ¼ãƒˆãƒãƒƒãƒ— #ã‚¢ãƒ¡ãƒªã‚«æ ª #VTI #VOO #QQQ #VT #GOOGL #APPL #é«˜é…å½“ #ETF #æŠ•è³‡åˆå¿ƒè€… #æŠ•è³‡å®¶ã¨ç¹‹ãŒã‚ŠãŸã„ #æŠ•è³‡å®¶ã•ã‚“ã¨ã¤ãªãŒã‚ŠãŸã„ #æŠ•è³‡åˆå¿ƒè€…ã¨ç¹‹ãŒã‚ŠãŸã„ https://t.co/N5Api3fosv
6,2023-06-21 21:59:22+00:00,estlee19900331,"RT @Stockspy1: uranium stocks are catching a bid. I kinda like this speculative small cap

$SMR NuScale Power

these guys make small, modulâ€¦"
7,2023-06-21 21:11:17+00:00,stocks_hunter_,"ğŸ¦ŒØ³Ù‡Ù… Ù…Ø¶Ø§Ø±Ø¨ÙŠ Ø³ÙˆÙŠÙ†Ù‚ ğŸ¦Œ 
 $CPTN
Ø³Ø¹Ø± Ø§Ù„Ø³Ù‡Ù… :0.5529
Ù…Ù†Ø·Ù‚Ù‡ Ø§Ù„Ø¯Ø®ÙˆÙ„ :0.53-0.48
ÙˆÙ‚Ù Ø§Ù„Ø®Ø³Ø§Ø±Ù‡ : 0.42
Ø§Ù„Ø§Ù‡Ø¯Ø§Ù : 
0.57
0.63
0.69
0.73
0.85
0.95
1.00
1.10

#Ø§Ù„Ø³ÙˆÙ‚_Ø§Ù„Ø§Ù…Ø±ÙŠÙƒÙŠ 
#Ø§Ù„Ø³ÙˆÙ‚_Ø§Ù„Ø§Ù…Ø±ÙŠÙƒÙŠ 
 #Ø§Ù„Ø£Ø³Ù‡Ù…_Ø§Ù„Ø£Ù…Ø±ÙŠÙƒÙŠØ© 
#SPX500 
#SPX 
#QQQ
#SQQQ
#Ø§Ù„Ø§ÙˆØ¨Ø´Ù†
#appl
#tsla
#nvda
#us100
#us500
#stocks_market https://t.co/YDsmB6T6BZ"
8,2023-06-21 20:28:33+00:00,stocks_hunter_,"ğŸ¦ŒØ³Ù‡Ù… Ù…Ø¶Ø§Ø±Ø¨ÙŠ Ø³ÙˆÙŠÙ†Ù‚ ğŸ¦Œ 
 $SURF
Ø³Ø¹Ø± Ø§Ù„Ø³Ù‡Ù… :0.84$
Ù…Ù†Ø·Ù‚Ù‡ Ø§Ù„Ø¯Ø®ÙˆÙ„ :0.80-0.75
ÙˆÙ‚Ù Ø§Ù„Ø®Ø³Ø§Ø±Ù‡ : 0.70
Ø§Ù„Ø§Ù‡Ø¯Ø§Ù : 
0.88
0.91
0.99
1.03
1.10
1.20
1.30
1.40

#Ø§Ù„Ø³ÙˆÙ‚_Ø§Ù„Ø§Ù…Ø±ÙŠÙƒÙŠ 
#Ø§Ù„Ø³ÙˆÙ‚_Ø§Ù„Ø§Ù…Ø±ÙŠÙƒÙŠ 
 #Ø§Ù„Ø£Ø³Ù‡Ù…_Ø§Ù„Ø£Ù…Ø±ÙŠÙƒÙŠØ© 
#SPX500 
#SPX 
#QQQ
#SQQQ
#Ø§Ù„Ø§ÙˆØ¨Ø´Ù†
#appl
#tsla
#nvda
#us100
#us500
#stocks_market"
9,2023-06-21 19:57:45+00:00,p000dl3,"RT @Stockspy1: uranium stocks are catching a bid. I kinda like this speculative small cap

$SMR NuScale Power

these guys make small, modulâ€¦"
10,2023-06-21 19:30:25+00:00,CDeterminism,"RT @Stockspy1: uranium stocks are catching a bid. I kinda like this speculative small cap

$SMR NuScale Power

these guys make small, modulâ€¦"
11,2023-06-21 19:20:15+00:00,Stockspy1,"uranium stocks are catching a bid. I kinda like this speculative small cap

$SMR NuScale Power

these guys make small, modular nuclear power generation facilities.  Theoretically, a company like $APPL might install one of these meet the massive power needs of #AI etc https://t.co/KCCsLl2aPp"
12,2023-06-21 19:00:02+00:00,CryptoTreeMap,"https://t.co/t6kVcSK6IH

Stock market:
$BTC +7.3% ğŸ“ˆ
$ETH +5.31% ğŸ“ˆ
$TTE +3.06% ğŸ“ˆ
$601857.SS +2.04% ğŸ“ˆ

$AMD -4.2% ğŸ“‰
$INTC -4.14% ğŸ“‰

#BTC #ETH #TTE #601857.SS #AMD #INTC #TSLA #APPL #stocks #trading #investing https://t.co/JTybolMjgX"
13,2023-06-21 18:13:27+00:00,Selina1324,"WB is right too ,buy the cheaper stocks, under valued stocks and feed them as French ducks = Cheap undervalued . or as APPL = 5G ,COVID is an extra bonus .Cheap and 5G in 2018 https://t.co/QgzKdWqp9Z"
14,2023-06-21 17:53:21+00:00,Miranda31290854,"today's lowest news sentiment stocks
 under S&amp;P500 Explore stock sentiments 

https://t.co/daYpzjkMPO

$APT $JAKK $DYNT $SPV $LMND  $W $JAGX $T $INO  $BYFC $TSLA $SPY $BOXL $AAPL $AYRO $BNGO $DKNG $APPL https://t.co/6leOQrEtlM"
15,2023-06-21 17:00:02+00:00,CryptoTreeMap,"https://t.co/t6kVcSK6IH

Stock market:
$BTC +10.94% ğŸš€
$ETH +7.66% ğŸ“ˆ
$TTE +3% ğŸ“ˆ
$601857.SS +2.04% ğŸ“ˆ

$AMD -5.86% ğŸ“‰
$TSLA -5.56% ğŸ“‰

#BTC #ETH #TTE #601857.SS #AMD #TSLA #TSLA #APPL #stocks #trading #investing https://t.co/GnX0bDKNdY"
16,2023-06-21 16:21:02+00:00,tesla_utd,"@squawksquare It wasnâ€™t only tsla, look at other stocks(appl, nvdia, etc), all went down in the same pattern around the same time."
17,2023-06-21 16:20:17+00:00,Nathankringle,"RT @Nathankringle: #HELPSAVE Canopy Growth stock

BUY $Weed on #TSX or
BUY $Cgc on #NASDAQ 

#StockMarket #Trending
#Discord #Robinhood #buâ€¦"
18,2023-06-21 15:00:06+00:00,stocks_hunter_,"ğŸ¦ŒØ³Ù‡Ù… Ø§Ø³ØªØ«Ù…Ø§Ø±ÙŠğŸ¦Œ 
 $SOUN
Ø³Ø¹Ø± Ø§Ù„Ø³Ù‡Ù… :3.67$
Ù…Ù†Ø·Ù‚Ù‡ Ø§Ù„Ø¯Ø®ÙˆÙ„ :3.33-3.00
ÙˆÙ‚Ù Ø§Ù„Ø®Ø³Ø§Ø±Ù‡ : 2.50
Ø§Ù„Ø§Ù‡Ø¯Ø§Ù : 
3.40
3.70
3.90
4.00
4.50
4.70
5.00

#Ø§Ù„Ø³ÙˆÙ‚_Ø§Ù„Ø§Ù…Ø±ÙŠÙƒÙŠ 
#Ø§Ù„Ø³ÙˆÙ‚_Ø§Ù„Ø§Ù…Ø±ÙŠÙƒÙŠ 
 #Ø§Ù„Ø£Ø³Ù‡Ù…_Ø§Ù„Ø£Ù…Ø±ÙŠÙƒÙŠØ© 
#SPX500 
#SPX 
#QQQ
#SQQQ
#Ø§Ù„Ø§ÙˆØ¨Ø´Ù†
#appl
#tsla
#nvda
#us100
#us500
#stocks_market https://t.co/MRd62D82TV"
19,2023-06-21 15:00:03+00:00,CryptoTreeMap,"https://t.co/t6kVcSK6IH

Stock market:
$BTC +10.11% ğŸš€
$ETH +6.99% ğŸ“ˆ
$TTE +2.79% ğŸ“ˆ
$601857.SS +2.04% ğŸ“ˆ

$AMD -5.36% ğŸ“‰
$NVDA -3.68% ğŸ“‰

#BTC #ETH #TTE #601857.SS #AMD #NVDA #TSLA #APPL #stocks #trading #investing https://t.co/wifhzfjXGG"
20,2023-06-21 13:38:22+00:00,Rahul04980546,"today's lowest news sentiment stocks
 under S&amp;P500 Explore stock sentiments 

https://t.co/n3ZDCLpdzI

$APT $JAKK $DYNT $SPV $LMND  $W $JAGX $T $INO  $BYFC $TSLA $SPY $BOXL $AAPL $AYRO $BNGO $DKNG $APPL https://t.co/ZTXxNGRdUd"
21,2023-06-21 07:27:10+00:00,williamallanm,"RT @MacnBTC: These are the Moving Average techniques kept secret by the richest and most successful #crypto and #stocks traders

I earned mâ€¦"
22,2023-06-21 06:43:32+00:00,stocks_hunter_,"ğŸ¦ŒØ³Ù‡Ù… Ø§Ø³ØªØ«Ù…Ø§Ø±ÙŠğŸ¦Œ 
 $CDIO
Ø³Ø¹Ø± Ø§Ù„Ø³Ù‡Ù… :1.24$
Ù…Ù†Ø·Ù‚Ù‡ Ø§Ù„Ø¯Ø®ÙˆÙ„ :1.24-1.10
ÙˆÙ‚Ù Ø§Ù„Ø®Ø³Ø§Ø±Ù‡ : 1.05
Ø§Ù„Ø§Ù‡Ø¯Ø§Ù : 
1.53
1.78
1.94
2.37
2.60
2.86
3.11

#Ø§Ù„Ø³ÙˆÙ‚_Ø§Ù„Ø§Ù…Ø±ÙŠÙƒÙŠ 
#Ø§Ù„Ø³ÙˆÙ‚_Ø§Ù„Ø§Ù…Ø±ÙŠÙƒÙŠ 
 #Ø§Ù„Ø£Ø³Ù‡Ù…_Ø§Ù„Ø£Ù…Ø±ÙŠÙƒÙŠØ© 
#SPX500 
#SPX 
#QQQ
#SQQQ
#Ø§Ù„Ø§ÙˆØ¨Ø´Ù†
#appl
#tsla
#nvda
#us100
#us500
#stocks_market https://t.co/T4D4zXFUTB"
23,2023-06-21 05:09:22+00:00,stocks_hunter_,"ğŸ¦ŒØ³Ù‡Ù… Ø³ÙˆÙŠÙ†Ù‚ğŸ¦Œ 
 $FNGR
Ø³Ø¹Ø± Ø§Ù„Ø³Ù‡Ù… : 2.35$
Ù…Ù†Ø·Ù‚Ù‡ Ø§Ù„Ø¯Ø®ÙˆÙ„ :2.25-2.30
ÙˆÙ‚Ù Ø§Ù„Ø®Ø³Ø§Ø±Ù‡ : 2.00
Ø§Ù„Ø§Ù‡Ø¯Ø§Ù : 
2.50
2.70
2.70
3.00
3.10
3.30
3.50
3.80
4.00

#Ø§Ù„Ø³ÙˆÙ‚_Ø§Ù„Ø§Ù…Ø±ÙŠÙƒÙŠ 
#Ø§Ù„Ø³ÙˆÙ‚_Ø§Ù„Ø§Ù…Ø±ÙŠÙƒÙŠ 
 #Ø§Ù„Ø£Ø³Ù‡Ù…_Ø§Ù„Ø£Ù…Ø±ÙŠÙƒÙŠØ© 
#SPX500 
#SPX 
#QQQ
#SQQQ
#Ø§Ù„Ø§ÙˆØ¨Ø´Ù†
#appl
#tsla
#nvda
#us100
#us500
#stocks_market https://t.co/ILLTm89Ww8"
24,2023-06-21 04:58:02+00:00,stocks_hunter_,"ğŸ¦ŒØ³Ù‡Ù… Ø³ÙˆÙŠÙ†Ù‚ğŸ¦Œ 
 $GRTS
Ø³Ø¹Ø± Ø§Ù„Ø³Ù‡Ù… : 2.44$
Ù…Ù†Ø·Ù‚Ù‡ Ø§Ù„Ø¯Ø®ÙˆÙ„ :2.30-2.40
ÙˆÙ‚Ù Ø§Ù„Ø®Ø³Ø§Ø±Ù‡ : 2.15
Ø§Ù„Ø§Ù‡Ø¯Ø§Ù : 
2.50
2.60
2.70
2.80
2.90
3.00
3.20
3.40
3.50

#Ø§Ù„Ø³ÙˆÙ‚_Ø§Ù„Ø§Ù…Ø±ÙŠÙƒÙŠ 
#Ø§Ù„Ø³ÙˆÙ‚_Ø§Ù„Ø§Ù…Ø±ÙŠÙƒÙŠ 
 #Ø§Ù„Ø£Ø³Ù‡Ù…_Ø§Ù„Ø£Ù…Ø±ÙŠÙƒÙŠØ© 
#SPX500 
#SPX 
#QQQ
#SQQQ
#Ø§Ù„Ø§ÙˆØ¨Ø´Ù†
#appl
#tsla
#nvda
#us100
#us500
#stocks_market https://t.co/8gyH0IC4kN"
25,2023-06-21 04:52:30+00:00,stocks_hunter_,"ğŸ¦ŒØ³Ù‡Ù… Ø³ÙˆÙŠÙ†Ù‚ğŸ¦Œ 
 $HIVE
Ø³Ø¹Ø± Ø§Ù„Ø³Ù‡Ù… : 3.60
Ù…Ù†Ø·Ù‚Ù‡ Ø§Ù„Ø¯Ø®ÙˆÙ„ :2.80-3.50
ÙˆÙ‚Ù Ø§Ù„Ø®Ø³Ø§Ø±Ù‡ : 2.60
Ø§Ù„Ø§Ù‡Ø¯Ø§Ù : 
3.80
4.00
4.20
4.50
4.80
5.00
5.50
6.00
6.50
7.00

#Ø§Ù„Ø³ÙˆÙ‚_Ø§Ù„Ø§Ù…Ø±ÙŠÙƒÙŠ 
#Ø§Ù„Ø³ÙˆÙ‚_Ø§Ù„Ø§Ù…Ø±ÙŠÙƒÙŠ 
 #Ø§Ù„Ø£Ø³Ù‡Ù…_Ø§Ù„Ø£Ù…Ø±ÙŠÙƒÙŠØ© 
#SPX500 
#SPX 
#QQQ
#SQQQ
#Ø§Ù„Ø§ÙˆØ¨Ø´Ù†
#appl
#tsla
#nvda
#us100
#us500
#stocks_market https://t.co/sy9XEeddoE"
26,2023-06-21 02:01:35+00:00,arpita37898816,"today's lowest news sentiment stocks
 under S&amp;P500 Explore stock sentiments 

https://t.co/Jq2DZjpBXs

$APT $JAKK $DYNT $SPV $LMND  $W $JAGX $T $INO  $BYFC $TSLA $SPY $BOXL $AAPL $AYRO $BNGO $DKNG $APPL https://t.co/BcXhgzHTrw"
27,2023-06-21 01:16:23+00:00,InvestorGadg3t,@ThanosCapital If the market sells I would expect msft and appl to be the last ones to fall imo. Time and time again the market views those stocks as safe haven assets
28,2023-06-20 19:01:16+00:00,PePeSilvia1348,"@trade_1348

Code ' gainz ' 
gets first month free

https://t.co/nPzfFMRQfG

$QQQ #Trade1348 #qqq $spy #stocks #StockMarket
$amc $gme $muln $tsla $appl https://t.co/6i1iEZHR5r"
29,2023-06-20 19:00:03+00:00,CryptoTreeMap,"https://t.co/t6kVcSK6IH

Stock market:
$BTC +4.03% ğŸ“ˆ
$TSLA +4.02% ğŸ“ˆ
$ETH +3.32% ğŸ“ˆ
$SNY +2.44% ğŸ“ˆ

$PRX.AS -5.45% ğŸ“‰
$BABA -4.48% ğŸ“‰

#BTC #TSLA #ETH #SNY #PRX.AS #BABA #TSLA #APPL #stocks #trading #investing https://t.co/e5Z624TdTB"
30,2023-06-20 17:00:03+00:00,CryptoTreeMap,"https://t.co/t6kVcSK6IH

Stock market:
$TSLA +3.55% ğŸ“ˆ
$BTC +3.26% ğŸ“ˆ
$SNY +2.49% ğŸ“ˆ
$UNH +2.01% ğŸ“ˆ

$PRX.AS -5.45% ğŸ“‰
$BABA -4.68% ğŸ“‰

#TSLA #BTC #SNY #UNH #PRX.AS #BABA #TSLA #APPL #stocks #trading #investing https://t.co/10jisVd7fD"
31,2023-06-20 15:48:35+00:00,arpita37898816,"today's lowest news sentiment stocks
 under S&amp;P500 Explore stock sentiments 

ğŸ‘‰https://t.co/Jq2DZjpBXs

$APT $JAKK $DYNT $SPV $LMND  $W $JAGX $T $INO  $BYFC $TSLA $SPY $BOXL $AAPL $AYRO $BNGO $DKNG $APPL https://t.co/jbB5MEI9zc"
32,2023-06-20 15:00:02+00:00,CryptoTreeMap,"https://t.co/t6kVcSKEyf

Stock market:
$SNY +2.34% ğŸ“ˆ
$BTC +1.29% ğŸ“ˆ
$LLY +1.25% ğŸ“ˆ
$TSLA +1.13% ğŸ“ˆ

$PRX.AS -4.76% ğŸ“‰
$BABA -4.49% ğŸ“‰

#SNY #BTC #LLY #TSLA #PRX.AS #BABA #TSLA #APPL #stocks #trading #investing https://t.co/o79dKxDoRp"
33,2023-06-20 14:28:44+00:00,RPcrypciarz,"RT @MacnBTC: These are the Moving Average techniques kept secret by the richest and most successful #crypto and #stocks traders

I earned mâ€¦"
34,2023-06-20 14:20:08+00:00,StockMarketNFT,"NVDA, APPL, TSLA ......opened green. Everything else is RED  $SPY puts are printing cash since 8:45 all red candles 

#stocks https://t.co/beqUNn4UlG"
35,2023-06-20 13:06:27+00:00,christo73663030,"RT @MacnBTC: These are the Moving Average techniques kept secret by the richest and most successful #crypto and #stocks traders

I earned mâ€¦"
36,2023-06-20 12:37:44+00:00,_Dwijnash,"RT @MacnBTC: These are the Moving Average techniques kept secret by the richest and most successful #crypto and #stocks traders

I earned mâ€¦"
37,2023-06-20 11:30:20+00:00,arpita37898816,"today's lowest news sentiment stocks
 under S&amp;P500 Explore stock sentiments 

ğŸ‘‰https://t.co/M5PfiBLiAb

$APT $JAKK $DYNT $SPV $LMND  $W $JAGX $T $INO  $BYFC $TSLA $SPY $BOXL $AAPL $AYRO $BNGO $DKNG $APPL https://t.co/O1XvNSr83m"
38,2023-06-20 10:33:48+00:00,Traders71Stock,"today's lowest news sentiment stocks
 under S&amp;P500 Explore stock sentiments 

https://t.co/ydPShPrx4E

$APT $JAKK $DYNT $SPV $LMND  $W $JAGX $T $INO  $BYFC $TSLA $SPY $BOXL $AAPL $AYRO $BNGO $DKNG $APPL https://t.co/RS2frN5gry"
39,2023-06-20 04:43:33+00:00,Secrets4stocks,"@y3khan Thank you for sharing. My view is, that the level $BABA currently trades is so low, that there is no good news priced in. Sure there are tensions with China. But if this is the case stocks like Apple $APPL or LVMH with huge exposure tho China should also be â€œweakâ€œ."
40,2023-06-20 02:01:03+00:00,Traders71Stock,"today's lowest news sentiment stocks
 under S&amp;P500 Explore stock sentiments 

https://t.co/ydPShPrx4E

$APT $JAKK $DYNT $SPV $LMND  $W $JAGX $T $INO  $BYFC $TSLA $SPY $BOXL $AAPL $AYRO $BNGO $DKNG $APPL https://t.co/xAr4eagOra"
41,2023-06-19 19:00:03+00:00,CryptoTreeMap,"https://t.co/t6kVcSK6IH

Stock market:
$BMY +2.3% ğŸ“ˆ
$ABBV +2.02% ğŸ“ˆ
$TSLA +1.81% ğŸ“ˆ
$NEE +1.65% ğŸ“ˆ

$AMD -3.35% ğŸ“‰
$NFLX -2.99% ğŸ“‰

#BMY #ABBV #TSLA #NEE #AMD #NFLX #TSLA #APPL #stocks #trading #investing https://t.co/GaC9nBRaAg"
42,2023-06-19 17:00:02+00:00,CryptoTreeMap,"https://t.co/t6kVcSK6IH

Stock market:
$BMY +2.3% ğŸ“ˆ
$ABBV +2.02% ğŸ“ˆ
$TSLA +1.81% ğŸ“ˆ
$NEE +1.65% ğŸ“ˆ

$AMD -3.35% ğŸ“‰
$NFLX -2.99% ğŸ“‰

#BMY #ABBV #TSLA #NEE #AMD #NFLX #TSLA #APPL #stocks #trading #investing https://t.co/AQhhl1Vn5Q"
43,2023-06-19 15:54:51+00:00,Novan0331,"RT @MacnBTC: These are the Moving Average techniques kept secret by the richest and most successful #crypto and #stocks traders

I earned mâ€¦"
44,2023-06-19 15:00:03+00:00,CryptoTreeMap,"https://t.co/t6kVcSK6IH

Stock market:
$BMY +2.3% ğŸ“ˆ
$ABBV +2.02% ğŸ“ˆ
$TSLA +1.81% ğŸ“ˆ
$NEE +1.65% ğŸ“ˆ

$AMD -3.35% ğŸ“‰
$NFLX -2.99% ğŸ“‰

#BMY #ABBV #TSLA #NEE #AMD #NFLX #TSLA #APPL #stocks #trading #investing https://t.co/tZongoohLu"
45,2023-06-19 14:19:39+00:00,Rahul04980546,"today's lowest news sentiment stocks
 under S&amp;P500 Explore stock sentiments 

ğŸ‘‰https://t.co/n3ZDCLpdzI

$APT $JAKK $DYNT $SPV $LMND  $W $JAGX $T $INO  $BYFC $TSLA $SPY $BOXL $AAPL $AYRO $BNGO $DKNG $APPL https://t.co/Fr2cueMuLF"
46,2023-06-19 04:56:52+00:00,Adytrade734,"2/
Stocks trading near there all time highs
The old saying ""Buy low sell high"" does not always ring true. Often stocks that hit all time highs continue with there momentum and  compound returns.

$APPL in 202 broke through its all time highs has since returned 125% https://t.co/cTRHJYqPfa"
47,2023-06-18 16:27:36+00:00,cry0076,"@vnkumarvnk Yeah, I think if youâ€™re bearish on $SPY for 6/30, it may not make sense to go bullish on its underlying stocks like $APPL $NVDA $TSLA"
48,2023-06-18 06:30:00+00:00,cadahyt,"RT @FluentInFinance: Warren Buffettâ€™s dividend income will be over $6 Billion this year, hereâ€™s how much his top 5 dividend stocks pay:

1)â€¦"
49,2023-06-17 19:24:13+00:00,Consyder,"RT @Consyder: Tech stocks are severely overextended.

P/E of Trending Tech Stocks:

$NVDA 222.35   
$ADBE 47.27   
$ORACL 41   
$ASML 37.96â€¦"
50,2023-06-17 17:38:45+00:00,Rich__i__Rich,"RT @Consyder: Tech stocks are severely overextended.

P/E of Trending Tech Stocks:

$NVDA 222.35   
$ADBE 47.27   
$ORACL 41   
$ASML 37.96â€¦"
51,2023-06-17 17:28:47+00:00,ForYourBenefit7,"RT @Consyder: Tech stocks are severely overextended.

P/E of Trending Tech Stocks:

$NVDA 222.35   
$ADBE 47.27   
$ORACL 41   
$ASML 37.96â€¦"
52,2023-06-17 16:24:54+00:00,Consyder,"Tech stocks are severely overextended.

P/E of Trending Tech Stocks:

$NVDA 222.35   
$ADBE 47.27   
$ORACL 41   
$ASML 37.96   
$MSFT 37.12   
$APPL 31.41   
$AVGO 27.21
$CSCO 18.73 
$TSMC 14.96   

https://t.co/qfe33llIJw"
53,2023-06-17 12:08:23+00:00,ApeNr01,RT @PresidentHadley: Here are the top 6 results with the average number of monthly searches over a 12-month period for the term #STOCK -- $â€¦
54,2023-06-17 06:49:10+00:00,toyokotoshi,HEAT MAP-US major Index / Stocks (2023.06.16)      https://t.co/wkb8iQUw1j #ç±³å›½æ ª #ãƒ’ãƒ¼ãƒˆãƒãƒƒãƒ— #æ ªå¼æŠ•è³‡ #ç±³å›½æ ªæŠ•è³‡ #ç±³å›½æ ªãƒ’ãƒ¼ãƒˆãƒãƒƒãƒ— #ã‚¢ãƒ¡ãƒªã‚«æ ª #VTI #VOO #QQQ #VT #GOOGL #APPL #é«˜é…å½“ #ETF #æŠ•è³‡åˆå¿ƒè€… #æŠ•è³‡å®¶ã¨ç¹‹ãŒã‚ŠãŸã„ #æŠ•è³‡å®¶ã•ã‚“ã¨ã¤ãªãŒã‚ŠãŸã„ #æŠ•è³‡åˆå¿ƒè€…ã¨ç¹‹ãŒã‚ŠãŸã„ https://t.co/wpuW7FZ3a6
55,2023-06-16 23:08:40+00:00,ArturKazak,"RT @FluentInFinance: Warren Buffettâ€™s dividend income will be over $6 Billion this year, hereâ€™s how much his top 5 dividend stocks pay:

1)â€¦"
56,2023-06-16 19:00:03+00:00,CryptoTreeMap,"https://t.co/t6kVcSK6IH

Stock market:
$BTC +3.92% ğŸ“ˆ
$ETH +3.89% ğŸ“ˆ
$CDI.PA +3.02% ğŸ“ˆ
$MC.PA +2.95% ğŸ“ˆ

$AMD -3.19% ğŸ“‰
$NFLX -2.37% ğŸ“‰

#BTC #ETH #CDI.PA #MC.PA #AMD #NFLX #TSLA #APPL #stocks #trading #investing https://t.co/yP6iQj73I7"
57,2023-06-16 18:22:04+00:00,stocks_hunter_,"ğŸ¦ŒØ³Ù‡Ù… Ø§Ø³ØªØ«Ù…Ø§Ø±ÙŠ Ù‚ØµÙŠØ± Ø§Ù„Ù…Ø¯Ù‰ğŸ¦Œ 
 $MIND
Ø³Ø¹Ø± Ø§Ù„Ø³Ù‡Ù… : 0.61
Ù…Ù†Ø·Ù‚Ù‡ Ø§Ù„Ø¯Ø®ÙˆÙ„ :0.62-0.58
ÙˆÙ‚Ù Ø§Ù„Ø®Ø³Ø§Ø±Ù‡ : 0.55
Ø§Ù„Ø§Ù‡Ø¯Ø§Ù : 
0.75
0.81
0.91
0.98
1.04
1.06
1.25

#Ø§Ù„Ø³ÙˆÙ‚_Ø§Ù„Ø§Ù…Ø±ÙŠÙƒÙŠ 
#Ø§Ù„Ø³ÙˆÙ‚_Ø§Ù„Ø§Ù…Ø±ÙŠÙƒÙŠ 
 #Ø§Ù„Ø£Ø³Ù‡Ù…_Ø§Ù„Ø£Ù…Ø±ÙŠÙƒÙŠØ© 
#SPX500 
#SPX 
#QQQ
#SQQQ
#Ø§Ù„Ø§ÙˆØ¨Ø´Ù†
#appl
#tsla
#nvda
#us100
#us500
#stocks_market"
58,2023-06-16 18:17:10+00:00,PresidentHadley,"Here are the top 6 results with the average number of monthly searches over a 12-month period for the term #STOCK -- $TSLA + #Tesla has the most, then $AMZN $SPY $AMC $APPL #stocks #StockMarket #SEO #AMC #TSLA #APPLE #AMZN #SPY #AMCAPES @elonmusk https://t.co/qzNTPCx0Un"
59,2023-06-16 17:40:50+00:00,JediJazz22,"RT @DGreenerStocks: $MGRX up 9% this week as of yesterday's close, great fundamentals. Interesting #investment opportunity in the sexual heâ€¦"
60,2023-06-16 17:00:03+00:00,CryptoTreeMap,"https://t.co/t6kVcSK6IH

Stock market:
$BTC +3.22% ğŸ“ˆ
$CDI.PA +3.02% ğŸ“ˆ
$ADBE +2.99% ğŸ“ˆ
$MC.PA +2.95% ğŸ“ˆ

$AMD -2.5% ğŸ“‰
$TM -1.75% ğŸ“‰

#BTC #CDI.PA #ADBE #MC.PA #AMD #TM #TSLA #APPL #stocks #trading #investing https://t.co/ncvK2ExJ9k"
61,2023-06-16 16:15:50+00:00,goodlordbaddies,"RT @DGreenerStocks: $MGRX up 9% this week as of yesterday's close, great fundamentals. Interesting #investment opportunity in the sexual heâ€¦"
62,2023-06-16 15:00:02+00:00,CryptoTreeMap,"https://t.co/t6kVcSK6IH

Stock market:
$ADBE +3.01% ğŸ“ˆ
$CDI.PA +2.77% ğŸ“ˆ
$MC.PA +2.76% ğŸ“ˆ
$NEE +2.38% ğŸ“ˆ

$AMD -2.09% ğŸ“‰
$TM -1.68% ğŸ“‰

#ADBE #CDI.PA #MC.PA #NEE #AMD #TM #TSLA #APPL #stocks #trading #investing https://t.co/0o1Gcix6xM"
63,2023-06-16 14:51:21+00:00,budfoxfun,"RT @DGreenerStocks: $MGRX up 9% this week as of yesterday's close, great fundamentals. Interesting #investment opportunity in the sexual heâ€¦"
64,2023-06-16 13:20:14+00:00,DGreenerStocks,"$MGRX up 9% this week as of yesterday's close, great fundamentals. Interesting #investment opportunity in the sexual health supplement market. Read more below on the company's big news https://t.co/IwatXIO2M2
$QQQ $APPL $MSFT #stonks #trading #bullish #stockscreener #stocksignal"
65,2023-06-16 11:48:08+00:00,stocks_hunter_,"ğŸ¦ŒØ³Ù‡Ù… Ø³ÙˆÙŠÙ†Ù‚ Ø§Ø³Ø«ØªÙ…Ø§Ø±ÙŠ ğŸ¦Œ
$RIVN 
Ø§Ù„Ø³Ø¹Ø± Ø§Ù„Ø­Ø§Ù„ÙŠ :15.17
Ù…Ù†Ø·Ù‚Ù‡ Ø§Ù„Ø¯Ø®ÙˆÙ„ : 14.70-13.70
ÙˆÙ‚Ù Ø§Ù„Ø®Ø³Ø§Ø±Ù‡ : 13.50
:Ø§Ù„Ø§Ù‡Ø¯Ø§Ù
17.85
19.73
20.20
21.68
24.11

#Ø§Ù„Ø³ÙˆÙ‚_Ø§Ù„Ø§Ù…Ø±ÙŠÙƒÙŠ 
#Ø§Ù„Ø³ÙˆÙ‚_Ø§Ù„Ø§Ù…Ø±ÙŠÙƒÙŠ 
 #Ø§Ù„Ø£Ø³Ù‡Ù…_Ø§Ù„Ø£Ù…Ø±ÙŠÙƒÙŠØ© 
#SPX500 
#SPX 
#QQQ
#SQQQ
#Ø§Ù„Ø§ÙˆØ¨Ø´Ù†
#appl
#tsla
#nvda
#us100
#us500
#stocks_market"
66,2023-06-16 11:37:45+00:00,stocks_hunter_,"ğŸ¦Œ Ø³Ù‡Ù… Ù…Ø¶Ø§Ø±Ø¨ÙŠ Ø®Ø·ÙŠØ± ğŸ¦Œ
$FNGR
Ø§Ù„Ø³Ø¹Ø± Ø§Ù„Ø­Ø§Ù„ÙŠ :2.45
Ø§Ù„Ø¯Ø®ÙˆÙ„ Ø¹Ù†Ø¯ ØªØ¬Ø§ÙˆØ² :2.50
ÙˆÙ‚Ù Ø§Ù„Ø®Ø³Ø§Ø±Ù‡ : 2.20
Ø§Ù„Ø§Ù‡Ø¯Ø§Ù : 
2.70
2.80
2.90
3.00
3.10

Ù…Ø¹ ÙƒÙ„ ØµØ¹ÙˆØ¯ ÙÙŠ Ø­Ø§Ù„Ù‡ Ø§Ù„Ø§Ø®ØªØ±Ø§Ù‚ ÙŠØ±Ø¬Ø¹ Ø±ÙØ¹ Ø§Ù„ÙˆÙ‚Ù Ø¨Ù†Ø³Ø¨Ù‡ 10%

#Ø§Ù„Ø³ÙˆÙ‚_Ø§Ù„Ø§Ù…Ø±ÙŠÙƒÙŠ 
#Ø§Ù„Ø³ÙˆÙ‚_Ø§Ù„Ø§Ù…Ø±ÙŠÙƒÙŠ 
 #Ø§Ù„Ø£Ø³Ù‡Ù…_Ø§Ù„Ø£Ù…Ø±ÙŠÙƒÙŠØ© 
#SPX500 
#SPX 
#QQQ
#SQQQ
#Ø§Ù„Ø§ÙˆØ¨Ø´Ù†
#appl"
67,2023-06-16 10:57:04+00:00,stocks_hunter_,"ğŸ¦ŒØ³Ù‡Ù… Ø³ÙˆÙŠÙ†Ù‚ Ù…Ø¶Ø§Ø±Ø¨ÙŠğŸ¦Œ
$ONCT 
Ø§Ù„Ø³Ø¹Ø± Ø§Ù„Ø­Ø§Ù„ÙŠ : 0.40$ 
Ù…Ù†Ø·Ù‚Ù‡ Ø§Ù„Ø¯Ø®ÙˆÙ„ : 0.39-0.34
ÙˆÙ‚Ù Ø§Ù„Ø®Ø³Ø§Ø±Ù‡ :0.33
Ø§Ù„Ø§Ù‡Ø¯Ø§Ù : 
0.45
0.55
0.66
0.78
0.87
1.08
1.31
1.94

#Ø§Ù„Ø³ÙˆÙ‚_Ø§Ù„Ø§Ù…Ø±ÙŠÙƒÙŠ 
#Ø§Ù„Ø³ÙˆÙ‚_Ø§Ù„Ø§Ù…Ø±ÙŠÙƒÙŠ 
 #Ø§Ù„Ø£Ø³Ù‡Ù…_Ø§Ù„Ø£Ù…Ø±ÙŠÙƒÙŠØ© 
#SPX500 
#SPX 
#QQQ
#SQQQ
#Ø§Ù„Ø§ÙˆØ¨Ø´Ù†
#appl
#tsla
#nvda
#us100
#us500
#stocks_market"
68,2023-06-16 10:54:43+00:00,stocks_hunter_,"ğŸ¦Œ Ø³Ù‡Ù… Ø§Ø³ØªØ«Ù…Ø§Ø±ÙŠğŸ¦Œ
$NUGT
Ø§Ù„Ø³Ø¹Ø± Ø§Ù„Ø­Ø§Ù„ÙŠ : 37.31
Ù…Ù†Ø·Ù‚Ù‡ Ø§Ù„Ø¯Ø®ÙˆÙ„ : 37-36
ÙˆÙ‚Ù Ø§Ù„Ø®Ø³Ø§Ø±Ù‡ : 35.49
Ø§Ù„Ø§Ù‡Ø¯Ø§Ù : 
38
40.59
44
46
51
#Ø§Ù„Ø³ÙˆÙ‚_Ø§Ù„Ø§Ù…Ø±ÙŠÙƒÙŠ 
#Ø§Ù„Ø³ÙˆÙ‚_Ø§Ù„Ø§Ù…Ø±ÙŠÙƒÙŠ 
 #Ø§Ù„Ø£Ø³Ù‡Ù…_Ø§Ù„Ø£Ù…Ø±ÙŠÙƒÙŠØ© 
#SPX500 
#SPX 
#QQQ
#SQQQ
#Ø§Ù„Ø§ÙˆØ¨Ø´Ù†
#appl
#tsla
#nvda
#us100
#us500
#stocks_market"
69,2023-06-16 03:16:25+00:00,GoodWildandFree,"#StockMarket #Stocks #Finance #Money #Bitcoin #crypto #Ethereum #WealthManagement #coinbase #nyse 

$SPY $SPX $AMD $TSLA $APPL $BTC $ETH $COIN $AMC $GME $APE

#BLACKROCK BUYING IN!? WATCH BEFORE TOMORROW https://t.co/GFUmWykYeo"
70,2023-06-16 02:05:12+00:00,Eggroll35,$NQ I will be selling my AI stocks when we get to the top of the range. Including $APPL at around 200ish $TSLA ~280-300 $MSFT ~400. Canâ€™t wait. https://t.co/fo4MdwytcB
71,2023-06-15 23:02:08+00:00,toyokotoshi,HEAT MAP-US major Index / Stocks (2023.06.15)      https://t.co/wkb8iQUw1j #ç±³å›½æ ª #ãƒ’ãƒ¼ãƒˆãƒãƒƒãƒ— #æ ªå¼æŠ•è³‡ #ç±³å›½æ ªæŠ•è³‡ #ç±³å›½æ ªãƒ’ãƒ¼ãƒˆãƒãƒƒãƒ— #ã‚¢ãƒ¡ãƒªã‚«æ ª #VTI #VOO #QQQ #VT #GOOGL #APPL #é«˜é…å½“ #ETF #æŠ•è³‡åˆå¿ƒè€… #æŠ•è³‡å®¶ã¨ç¹‹ãŒã‚ŠãŸã„ #æŠ•è³‡å®¶ã•ã‚“ã¨ã¤ãªãŒã‚ŠãŸã„ #æŠ•è³‡åˆå¿ƒè€…ã¨ç¹‹ãŒã‚ŠãŸã„ https://t.co/cIT7vfhFO3
72,2023-06-15 19:51:27+00:00,leswinfinancial,RT @sherwin1906: People are really missing out on one of the greatest wealth transfers ever while the market rebounds from a rough year lasâ€¦
73,2023-06-15 19:47:50+00:00,sherwin1906,"People are really missing out on one of the greatest wealth transfers ever while the market rebounds from a rough year last yearâ€¦.hereâ€™s how some of top stocks performed since Oct lows last year

Apple: +76% 
Nvidia: +244%
Tesla: +25% 
QQQ: +35%
VOO: +21% 

#QQQ #Voo $appl $nvda"
74,2023-06-15 15:55:14+00:00,OptnsXlk,"@StockMKTNewz Thrill. We got a lot of stocks making 52wk and all-time highs today. I just rode calls on $APPL and $MSFT through their ATHs today.

No fuckin' clue when market and reality are going to collide, but let's just say I ain't taking on any monthly call contracts atm."
75,2023-06-15 15:34:53+00:00,anita37992698,"today's lowest news sentiment stocks
 under S&amp;P500 Explore stock sentiments 

https://t.co/tZvQdVNEDM

$APT $JAKK $DYNT $SPV $LMND  $W $JAGX $T $INO  $BYFC $TSLA $SPY $BOXL $AAPL $AYRO $BNGO $DKNG $APPL https://t.co/zbhk6tl2GB"
76,2023-06-15 13:32:16+00:00,Rahul04980546,"today's lowest news sentiment stocks
 under S&amp;P500 Explore stock sentiments 

ğŸ‘‰https://t.co/n3ZDCLpLpg

$APT $JAKK $DYNT $SPV $LMND  $W $JAGX $T $INO  $BYFC $TSLA $SPY $BOXL $AAPL $AYRO $BNGO $DKNG $APPL https://t.co/MgFPhblLmT"
77,2023-06-15 10:01:13+00:00,Alvinyork8709,"RT @FluentInFinance: Warren Buffettâ€™s dividend income will be over $6 Billion this year, hereâ€™s how much his top 5 dividend stocks pay:

1)â€¦"
78,2023-06-14 18:54:55+00:00,poisoncow24,"RT @Consyder: Stock Market Heat Map: U.S stocks continue rally.

The current trending sector is technology - in specific, artificial intellâ€¦"
79,2023-06-14 18:47:41+00:00,azumasachi111,@Teslaconomics i notice there are so many tsla fans like you always doing these cheap talk but other stocks like appl nvda msft â€¦.. no one will say how good the stock is which is not. wake up! tsla is still in down trend under all time highs a lot
80,2023-06-14 18:31:30+00:00,ShenTenXR,"RT @Consyder: Stock Market Heat Map: U.S stocks continue rally.

The current trending sector is technology - in specific, artificial intellâ€¦"
81,2023-06-14 16:21:01+00:00,anita37992698,"today's lowest news sentiment stocks
 under S&amp;P500 Explore stock sentiments 

https://t.co/tZvQdVNEDM

$APT $JAKK $DYNT $SPV $LMND  $W $JAGX $T $INO  $BYFC $TSLA $SPY $BOXL $AAPL $AYRO $BNGO $DKNG $APPL https://t.co/d2Cmc9cR0c"
82,2023-06-14 15:00:03+00:00,CryptoTreeMap,"https://t.co/t6kVcSK6IH

Stock market:
$ORCL +4.48% ğŸ“ˆ
$TM +4.35% ğŸ“ˆ
$NKE +4.11% ğŸ“ˆ
$PALLAD +3.05% ğŸ“ˆ

$UNH -7.47% ğŸ“‰
$601288.SS -3% ğŸ“‰

#ORCL #TM #NKE #PALLAD #UNH #601288.SS #TSLA #APPL #stocks #trading #investing https://t.co/WDtE0UgpMD"
83,2023-06-14 12:07:03+00:00,carolynskiii,"#spx is committed to a bull run but itâ€™s artificial. Main driving stocks consist of #meta #adobe $appl #oracle #nvidia and such because of all the AI talk lately.. not because something new is happening, so it will fall a little later while economy still sucks. https://t.co/byRmx6cczv"
84,2023-06-14 07:38:20+00:00,Consyder,"RT @Consyder: Stock Market Heat Map: U.S stocks continue rally.

The current trending sector is technology - in specific, artificial intellâ€¦"
85,2023-06-14 04:39:59+00:00,Lavon365_,"RT @Consyder: Stock Market Heat Map: U.S stocks continue rally.

The current trending sector is technology - in specific, artificial intellâ€¦"
86,2023-06-14 04:39:50+00:00,Rich__i__Rich,"RT @Consyder: Stock Market Heat Map: U.S stocks continue rally.

The current trending sector is technology - in specific, artificial intellâ€¦"
87,2023-06-14 04:38:38+00:00,Consyder,"Stock Market Heat Map: U.S stocks continue rally.

The current trending sector is technology - in specific, artificial intelligence.

Stocks like $NVDA, $AMD, $META, $GOOGL, $APPL, $PLTR and others have been the main drivers of the broad stocks price increase.

Follow us for newsâ€¦ https://t.co/UWSXFRFsEk https://t.co/zKDgsZYApD"
88,2023-06-14 02:57:35+00:00,ISteadily46669,"Casual News:
MANU is up +13% after takeover rumors by Qatari news.

I'd never advise to invest in sports club, but congrats to my clients holding this ğŸ˜‚

Stand a chance to win stocks in MANU/TESLA/APPL and more! https://t.co/OjTRTUA10V

Source:
https://t.co/flf94evwkM"
89,2023-06-14 01:18:30+00:00,GoodWildandFree,"#stockmarket #stocks #money #fomc #finance #wealth #WealthManagement #crypto #bitcoin #tesla #apple #amc #gme 

$SPY $SPX $AMD $NVDA $AMC $GME $TSLA $APPL $BTC $ETH 

LOAD THE 'FLYING' SHIP!! WATCH BEFORE FOMC https://t.co/s7dEuKXAa2"
90,2023-06-13 22:11:57+00:00,Rahul04980546,"today's lowest news sentiment stocks
 under S&amp;P500 Explore stock sentiments 

https://t.co/n3ZDCLpLpg

$APT $JAKK $DYNT $SPV $LMND  $W $JAGX $T $INO  $BYFC $TSLA $SPY $BOXL $AAPL $AYRO $BNGO $DKNG $APPL https://t.co/72P8SJE9li"
91,2023-06-13 19:29:48+00:00,Rahul04980546,"today's lowest news sentiment stocks
 under S&amp;P500 Explore stock sentiments 

ğŸ‘‰https://t.co/QPUu8kWJcK

$APT $JAKK $DYNT $SPV $LMND  $W $JAGX $T $INO  $BYFC $TSLA $SPY $BOXL $AAPL $AYRO $BNGO $DKNG $APPL https://t.co/HV3h1r6LQB"
92,2023-06-13 19:00:02+00:00,CryptoTreeMap,"https://t.co/t6kVcSK6IH

Stock market:
$TM +5.87% ğŸ“ˆ
$NVDA +3.66% ğŸ“ˆ
$TSLA +3.32% ğŸ“ˆ
$BHP +2.92% ğŸ“ˆ

$AMD -3.1% ğŸ“‰
$601857.SS -2.19% ğŸ“‰

#TM #NVDA #TSLA #BHP #AMD #601857.SS #TSLA #APPL #stocks #trading #investing https://t.co/gUDwlJOGFB"
93,2023-06-13 18:10:00+00:00,baptistaresearc,"Wonderfully explained - Apple $APPL and a Few Tech Stocks Are Pushing This Bull. Why Thatâ€™s Worrying. - https://t.co/TTPaSrSRxJ

#APPL #stocks #markets #investing #trading #stockmarket #USA #NYC"
94,2023-06-13 17:19:47+00:00,anita37992698,"today's lowest news sentiment stocks
 under S&amp;P500 Explore stock sentiments 

https://t.co/tZvQdVNEDM

$APT $JAKK $DYNT $SPV $LMND  $W $JAGX $T $INO  $BYFC $TSLA $SPY $BOXL $AAPL $AYRO $BNGO $DKNG $APPL https://t.co/hiPkArU2f7"
95,2023-06-13 17:00:02+00:00,CryptoTreeMap,"https://t.co/t6kVcSK6IH

Stock market:
$TM +6.15% ğŸ“ˆ
$TSLA +3.37% ğŸ“ˆ
$NVDA +3.22% ğŸ“ˆ
$BHP +3.18% ğŸ“ˆ

$601857.SS -2.19% ğŸ“‰
$CRM -2.09% ğŸ“‰

#TM #TSLA #NVDA #BHP #601857.SS #CRM #TSLA #APPL #stocks #trading #investing https://t.co/8zwpKzw4io"
96,2023-06-13 15:00:02+00:00,CryptoTreeMap,"https://t.co/t6kVcSKEyf

Stock market:
$TM +6.03% ğŸ“ˆ
$BHP +3.21% ğŸ“ˆ
$INTC +2.63% ğŸ“ˆ
$TCEHY +2.63% ğŸ“ˆ

$601857.SS -2.19% ğŸ“‰
$CRM -1.52% ğŸ“‰

#TM #BHP #INTC #TCEHY #601857.SS #CRM #TSLA #APPL #stocks #trading #investing https://t.co/qypGOJlGT3"
97,2023-06-13 13:20:44+00:00,RiskRichie,"RT @CityIndex_Josh: #Stocks to watch today: 

ğŸš¨ #CPI moderates as markets bet on #Fed pause

â˜ï¸ $ORCL at ATH on #AI catalysts

ğŸš— $TSLA celeâ€¦"
98,2023-06-13 13:20:07+00:00,CityIndex,"RT @CityIndex_Josh: #Stocks to watch today: 

ğŸš¨ #CPI moderates as markets bet on #Fed pause

â˜ï¸ $ORCL at ATH on #AI catalysts

ğŸš— $TSLA celeâ€¦"
99,2023-06-13 13:19:39+00:00,CityIndex_Josh,"#Stocks to watch today: 

ğŸš¨ #CPI moderates as markets bet on #Fed pause

â˜ï¸ $ORCL at ATH on #AI catalysts

ğŸš— $TSLA celebrates longest-ever winning streak

ğŸ $APPL falls from highs on downgrade

â›´ï¸ $CCL rally continues

ğŸ‡¨ğŸ‡³ Chinese #shares up

Read on ğŸ‘‡
https://t.co/CR0cucdoZl https://t.co/7LGCZwL6eh"
100,2023-06-13 12:50:46+00:00,SuburbanDrune,"RT @SuburbanDrone: Cramer says you investors should only own Seven Magnificent Seven stocks in the whole ""market"":
APPL, NVDA, MSFT, GOOG,â€¦"
101,2023-06-13 10:16:59+00:00,gginvestments1,"Have you ever in your life seen money pile into the same 6 stocks as hard and fast as it has been lately? lol People have to be nuts. I donâ€™t give a fuck whatâ€™s going on, Iâ€™m not buying $APPL $AMZN $TSLA $MSFT $NVDA or $AMD right now because the risk to reward is so fucked lmao https://t.co/tt6QiyGqk9"
102,2023-06-13 07:00:07+00:00,AvaTrade,"#Apple (APPL) shares closed at $183.79 per share on Monday, an all-time-high for the #iPhone maker who now nears a $3 trillion market cap! 

Watch #Apple ğŸ‘‰ https://t.co/3cgmD8hRX5 https://t.co/pZ4uUuxL0s"
103,2023-06-13 05:54:31+00:00,stock26583922,"today's lowest news sentiment stocks
 under S&amp;P500 Explore stock sentiments 

https://t.co/YcTJ9TFsB3

$APT $JAKK $DYNT $SPV $LMND  $W $JAGX $T $INO  $BYFC $TSLA $SPY $BOXL $AAPL $AYRO $BNGO $DKNG $APPL https://t.co/lZrhKTCzQD"
